Nearest_0.1,1,2,4,8,16,32,,Nearest_0.2,1,2,4,8,16,32,Nearest_0.3,1,2,4,8,16,32,Nearest_0.4,1,2,4,8,16,32,Nearest_0.5,1,2,4,8,16,32,Nearest_0.6,1,2,4,8,16,32,Nearest_0.7,1,2,4,8,16,32,Nearest_0.8,1,2,4,8,16,32,Nearest_0.9,1,2,4,8,16,32,Nearest_1,1,2,4,8,16,32,Linear_0.1,1,2,4,8,16,32,Linear_0.2,1,2,4,8,16,32,Linear_0.3,1,2,4,8,16,32,Linear_0.4,1,2,4,8,16,32,Linear_0.5,1,2,4,8,16,32,Linear_0.6,1,2,4,8,16,32,Linear_0.7,1,2,4,8,16,32,Linear_0.8,1,2,4,8,16,32,Linear_0.9,1,2,4,8,16,32,Linear_1,1,2,4,8,16,32,Cubic_0.1,1,2,4,8,16,32,Cubic_0.2,1,2,4,8,16,32,Cubic_0.3,1,2,4,8,16,32,Cubic_0.4,1,2,4,8,16,32,Cubic_0.5,1,2,4,8,16,32,Cubic_0.6,1,2,4,8,16,32,Cubic_0.7,1,2,4,8,16,32,Cubic_0.8,1,2,4,8,16,32,Cubic_0.9,1,2,4,8,16,32,Cubic_1,1,2,4,8,16,32,Area_0.1,1,2,4,8,16,32,Area_0.2,1,2,4,8,16,32,Area_0.3,1,2,4,8,16,32,Area_0.4,1,2,4,8,16,32,Area_0.5,1,2,4,8,16,32,Area_0.6,1,2,4,8,16,32,Area_0.7,1,2,4,8,16,32,Area_0.8,1,2,4,8,16,32,Area_0.9,1,2,4,8,16,32,Area_1,1,2,4,8,16,32,Lanczos4_0.1,1,2,4,8,16,32,Lanczos4_0.2,1,2,4,8,16,32,Lanczos4_0.3,1,2,4,8,16,32,Lanczos4_0.4,1,2,4,8,16,32,Lanczos4_0.5,1,2,4,8,16,32,Lanczos4_0.6,1,2,4,8,16,32,Lanczos4_0.7,1,2,4,8,16,32,Lanczos4_0.8,1,2,4,8,16,32,Lanczos4_0.9,1,2,4,8,16,32,Lanczos4_1,1,2,4,8,16,32
160x90,80.034,79.112,81.557,89.152,101.792,156.744,,160x90,77.725,78.739,83.032,117.499,132.083,191.759,160x90,76.875,79.942,111.261,120.311,168.849,233.015,160x90,80.277,108.872,114.501,155.983,207.284,290.484,160x90,81.71,111.344,146.845,161.493,241.735,313.987,160x90,111.104,113.512,150.381,198.308,293.152,353.798,160x90,109.404,142.462,156.333,224.439,293.179,379.026,160x90,122.28,145.382,183.515,254.884,297.499,383.828,160x90,126.442,149.151,209.115,267.369,338.011,365.739,160x90,158.537,154.026,231.374,299.647,370.38,421.464,160x90,93.102,78.431,82.803,90.198,102.702,158.168,160x90,78.049,79.641,83.475,119.886,135.322,196.999,160x90,83.364,80.116,112.838,123.413,172.312,238.837,160x90,88.565,108.879,117.027,157.302,210.478,292.416,160x90,92.219,110.457,149.324,163.98,242.005,312.198,160x90,121.502,112.261,150.949,202.347,265.894,340.179,160x90,122.796,145.543,156.752,229.316,310.4,359.438,160x90,123.141,148.891,189.644,244.413,290.924,341.47,160x90,124.243,144.96,213.809,269.012,322.844,458.882,160x90,158.079,154.359,224.963,282.874,338.952,385.87,160x90,92.366,78.281,82.666,89.829,102.652,157.835,160x90,78.963,79.859,84.231,120.721,136.913,198.743,160x90,79.657,81.214,112.489,122.726,171.93,239.309,160x90,88.833,109.172,114.773,159.281,212.874,288.589,160x90,92.747,110.636,147.591,164.261,245.574,328.692,160x90,123.136,113.165,154.168,201.861,264.815,349.493,160x90,121.631,145.411,156.267,231.463,316.38,357.391,160x90,122.635,145.889,191.432,240.539,305.437,361.14,160x90,124.68,151.87,197.126,290.128,309.701,371.839,160x90,156.922,153.719,230.305,308.748,320.624,402.868,160x90,93.589,79.186,81.938,89.794,103.045,158.438,160x90,78.246,79.822,84.354,120.941,137.023,198.309,160x90,83.184,79.771,113.936,123.087,171.771,235.761,160x90,88.494,109.018,114.568,157.421,209.921,282.362,160x90,91.88,110.469,149.811,163.408,251.232,327.015,160x90,121.319,112.433,151.848,196.193,272.401,336.931,160x90,121.809,144.667,155.96,238.352,292.654,391.61,160x90,124.317,146.73,188.802,244.978,309.14,329.137,160x90,124.855,148.731,204.174,264.056,348.964,385.405,160x90,158.125,152.694,223.042,318.03,388.022,462.613,160x90,92.317,79.397,82.121,90.331,103.338,157.339,160x90,83.216,78.852,84.082,120.336,134.445,198.609,160x90,86.703,80.758,113.91,122.012,173.25,240.14,160x90,89.379,109.297,116.884,160.56,210.913,277.902,160x90,91.043,112.43,147.153,163.014,244.301,317.801,160x90,122.58,112.164,151.555,200.243,275.44,340.437,160x90,121.042,145.921,153.152,230.826,299.15,332.279,160x90,123.02,148.012,188.463,251.6,325.478,409.495,160x90,125.497,150.284,195.764,279.353,356.242,373.909,160x90,157.44,152.622,228.955,292.614,321.274,400.196
160x100,76.171,78.732,81.275,88.209,102.758,157.418,,160x100,76.878,79.644,82.91,118.088,133.938,192.371,160x100,78.068,79.838,112.038,123.281,170.458,237.751,160x100,78.752,109.898,116.286,158.101,212.437,276.05,160x100,78.424,110.097,147.26,164.094,247.467,347.028,160x100,108.019,112.814,154.066,202.658,269.145,409.922,160x100,110.219,145.655,156.572,236.811,289.566,365.124,160x100,111.492,147.278,190.779,253.636,300.978,353.407,160x100,112.223,152.526,221.758,268.257,323.649,367.911,160x100,144.888,155.279,231.482,309.923,327.469,392.356,160x100,76.813,79.407,82.542,90.03,104.427,159.587,160x100,77.006,79.236,84.139,120.364,136.747,198.158,160x100,80.469,81.465,114.034,123.418,171.872,246.667,160x100,79.021,110.566,117.135,158.581,212.591,293.758,160x100,79.733,112.267,148.631,168.577,251.011,329.437,160x100,109.287,113.027,152.295,215.843,281.669,344.25,160x100,110.936,146.407,157.88,234.833,317.424,360.573,160x100,110.648,148.298,191.256,263.263,310.848,393.895,160x100,112.962,150.445,222.199,273.17,315.168,355.626,160x100,142.813,153.194,239.097,293.027,341.115,398.558,160x100,77.053,79.118,82.192,90.197,103.553,159.676,160x100,77.753,78.972,84.019,121.099,137.556,198.296,160x100,78.681,80.594,113.75,124.042,173.277,244.557,160x100,79.419,110.354,116.549,161.008,213.03,283.429,160x100,79.709,112.411,149.994,167.604,249.895,327.239,160x100,108.253,113.552,152.109,204.351,275.475,326.048,160x100,110.262,146.587,157.1,235.677,302.899,362.43,160x100,111.699,147.994,190.592,246.897,329.009,349.1,160x100,112.523,150.13,219.101,275.113,317.869,368.065,160x100,145.456,153.871,231.544,318.33,371.751,522.502,160x100,76.368,79.525,82.237,89.893,103.462,159.938,160x100,77.755,80.056,83.49,119.66,137.347,202.631,160x100,78.026,80.943,113.458,125.444,174.904,246.119,160x100,78.489,109.398,115.407,158.43,214.564,290.932,160x100,80.093,110.638,150.498,165.908,251.315,331.516,160x100,109.021,112.222,153.232,204.531,285.807,379.995,160x100,109.033,143.716,157.227,234.56,314.999,342.322,160x100,112.535,146.522,194.28,254.856,296.272,354.982,160x100,113.119,151.689,223.97,280.062,390.51,385.77,160x100,142.723,153.344,233.109,297.813,352.02,407.296,160x100,77.075,79.362,82.376,89.982,102.783,159.276,160x100,76.681,80.153,83.245,120.834,136.921,198.757,160x100,77.902,80.829,114.743,123.482,173.08,242.808,160x100,79.198,109.437,115.543,158.818,213.539,284.599,160x100,80.244,110.696,150.331,166.365,249.088,328.022,160x100,108.159,114.482,152.478,207.918,270.399,365.161,160x100,110.436,144.204,158.573,236.643,299.956,374.509,160x100,110.462,147.891,194.615,282.747,365.49,344.694,160x100,112.363,151.229,224.914,271.672,345.792,355.338,160x100,144.733,153.849,233.026,290.072,378.506,425.364
160x120,77.075,78.421,81.958,89.46,102.389,156.872,,160x120,76.627,79.156,83.065,119.78,135.01,196.594,160x120,78.373,80.949,112.432,152.845,172.666,265.656,160x120,78.904,108.553,116.281,160.428,217.353,290.917,160x120,107.498,111.594,151.487,196.169,252.871,336.048,160x120,108.858,143.052,155.777,232.435,298.854,339.481,160x120,110.968,145.74,190.482,243.566,287.944,375.298,160x120,113.544,150.455,207.665,259.752,322.31,382.796,160x120,145.106,153.168,221.541,287.673,324.213,486.744,160x120,144.898,186.364,255.58,302.555,381.897,424.964,160x120,77.462,79.029,82.567,90.493,104.19,160.945,160x120,76.756,79.181,84.06,121.578,138.73,202.41,160x120,79.126,80.668,114.501,156.261,176.008,256.607,160x120,79.086,109.757,117.72,162.591,220.341,305.032,160x120,107.498,112.71,152.203,199.032,266.07,320.881,160x120,110.206,145.243,155.077,229.7,292.036,360.4,160x120,110.187,145.987,191.787,254.083,319.436,369.736,160x120,110.822,151.906,202.645,266.651,304.353,373.964,160x120,142.488,155.875,230.521,291.685,349.357,388.439,160x120,147.401,188.843,249.456,327.635,370.625,536.348,160x120,77.441,78.274,82.596,90.525,103.186,159.902,160x120,77.972,80.531,84.789,121.173,138.059,202.183,160x120,78.292,80.848,114.538,153.2,177.374,267.19,160x120,78.828,109.564,118.463,163.871,221.314,294.557,160x120,107.92,112.596,150.71,199.545,258.135,327.629,160x120,108.865,143.026,155.928,227.856,282.977,347.53,160x120,111.566,147.294,189.295,237.434,323.151,344.142,160x120,111.414,149.622,197.406,284.223,308.748,420.366,160x120,143.552,150.065,232.081,293.085,325.343,448.955,160x120,146.209,188.217,245.879,318.885,366.399,540.401,160x120,76.877,78.288,82.684,90.075,104.028,158.835,160x120,78.042,79.441,84.034,121.265,138.333,201.618,160x120,77.629,81.504,114.744,156.353,177.431,265.824,160x120,79.465,111.141,118.182,162.705,221.262,300.641,160x120,109.568,112.006,151.284,199.921,268.271,332.766,160x120,108.795,143.081,157.338,227.926,286.446,338.349,160x120,109.829,147.194,190.148,253.762,317.542,348.724,160x120,111.033,150.106,197.466,268.202,329.392,462.752,160x120,142.231,153.641,229.632,295.767,339.573,399.452,160x120,147.007,187.53,255.647,329.964,383.053,408.363,160x120,77.124,78.084,81.892,89.339,103.967,159.699,160x120,77.726,79.912,84.295,120.315,137.686,202.488,160x120,78.573,81.428,113.925,153.229,176.311,270.708,160x120,78.853,109.93,118.598,159.506,222.13,289.606,160x120,107.908,112.733,152.653,199.159,272.555,307.209,160x120,109.394,142.413,153.538,226.361,292.713,347.832,160x120,110.488,145.65,191.361,256.134,301.429,353.484,160x120,113.763,149.803,200.06,265.305,338.471,376.932,160x120,144.911,151.145,232.1,287.389,344.621,573.638,160x120,143.818,183.893,252.471,280.99,341.833,423.534
320x180,77.503,79.984,83.076,118.969,135.053,196.487,,320x180,79.057,108.559,114.994,156.675,211.68,281.353,320x180,107.554,110.602,149.587,197.097,260.504,336.024,320x180,109.424,143.875,188.64,241.082,291.465,335.307,320x180,140.756,153.105,224.315,292.031,334.069,365.444,320x180,146.106,187.28,239.884,283.148,368.255,572.157,320x180,149.635,222.874,287.943,340.827,497.645,682.576,320x180,184.522,245.981,305.528,359.113,566.596,799.8,320x180,193.57,275.02,333.741,452.981,661.539,932.068,320x180,227.033,287.938,341.064,424.788,680.671,725.453,320x180,77.613,80.157,83.769,121.251,136.717,197.833,320x180,78.973,110.691,115.693,158.435,209.795,285.808,320x180,108.617,113.454,152.337,201.91,261.993,337.536,320x180,111.217,145.451,188.644,250.919,293.553,341.214,320x180,143.937,154.337,229.799,286.902,335.01,459.744,320x180,147.047,190.134,244.369,305.374,364.963,423.911,320x180,149.145,227.625,287.12,337.026,452.437,755.755,320x180,185.93,243.28,305.931,406.521,538.399,723.335,320x180,189.724,272.381,331.409,430.375,584.879,763.749,320x180,222.168,278.943,330.518,480.396,714.324,797.085,320x180,77.764,79.529,84.208,120.297,136.139,198.698,320x180,78.814,109.904,116.855,156.149,210.351,281.658,320x180,107.84,113.77,153.395,199.028,265.994,333.46,320x180,111.043,147.726,191.224,243.425,361.761,354.983,320x180,143.068,153.75,223.699,286.818,356.787,359.972,320x180,147.538,190.648,247.905,288.693,339.317,491.127,320x180,149.375,214.165,303.038,341.48,506.275,718.091,320x180,184.335,237.918,309.014,391.391,459.217,743.572,320x180,192.115,261.044,369.942,468.301,644.229,593.482,320x180,223.224,318.311,332.246,420.448,725.731,594.99,320x180,76.816,79.458,83.348,120.023,137.065,200.152,320x180,78.44,109.162,116.034,156.508,211.16,281.512,320x180,107.396,111.903,151.528,201.083,269.574,328.288,320x180,110.289,146.595,188.744,254.247,287.492,349.339,320x180,141.415,151.618,224.552,286.259,348.95,391.826,320x180,144.885,188.019,246.866,294.746,348.813,533.498,320x180,150.84,220.948,290.756,391.01,480.797,738.762,320x180,185.324,231.703,308.838,359.666,498.693,787.698,320x180,191.775,275.844,356.731,421.698,558.817,1006.196,320x180,225.79,295.125,373.651,408.363,540.893,710.309,320x180,77.448,79.564,83.504,120.317,137.068,195.422,320x180,78.733,109.138,116.28,157.243,211.007,281.916,320x180,108.354,112.636,150.995,192.224,263.164,343.277,320x180,110.516,146.594,189.431,247.225,335.791,357.229,320x180,141.796,153.234,222.196,273.698,329.286,387.104,320x180,147.996,189.984,244.596,312.48,380.268,415.977,320x180,150.612,223.74,309.695,337.933,517.977,512.182,320x180,186.016,234.865,292.242,373.186,504.18,699.69,320x180,190.881,277.23,350.444,460.188,583.528,873.657,320x180,221.068,283.843,333.092,346.543,642.591,466.208
320x200,76.64,80.441,83.044,119.132,135.175,195.908,,320x200,78.638,109.942,114.788,157.02,212.992,283.562,320x200,108.614,113.161,150.404,202.166,266.051,316.113,320x200,109.746,146.727,191.858,247.232,294.583,348.956,320x200,139.891,153.025,229.24,292.168,316.244,436.356,320x200,145.75,189.87,258.182,322.161,425.154,650.654,320x200,153.148,229.326,306.849,392.57,545.755,844.367,320x200,197.709,248.63,316.568,439.171,568.683,796.472,320x200,229.362,279.793,404.712,461.294,597.941,801.746,320x200,229.058,291.741,362.68,423.478,725.58,1000.85,320x200,76.929,78.845,84.023,120.134,137.827,200.837,320x200,78.775,109.628,116.797,158.009,210.362,276.443,320x200,109.789,114.907,152.347,203.938,273.717,321.252,320x200,112.164,148.079,192.284,248.322,292.73,362.97,320x200,148.583,154.988,232.075,294.514,348.119,460.369,320x200,149.027,193.153,278.525,320.726,439.184,544.871,320x200,157.982,229.733,298.448,392.375,503.597,743.376,320x200,188.605,259.038,335.529,400.853,508.859,642.229,320x200,222.971,263.798,356.03,331.734,574.72,503.266,320x200,236.863,288.343,367.462,447.059,648.861,962.989,320x200,77.63,79.943,84.255,120.117,136.902,198.653,320x200,78.452,110.925,117.125,159.723,212.263,283.75,320x200,108.852,112.847,150.677,203.642,269.778,346.039,320x200,110.538,148.51,192.243,250.046,295.507,357.347,320x200,143.81,153.519,232.903,294.167,321.16,410.786,320x200,146.818,191.391,277.053,313.631,444.452,621.379,320x200,161.227,230.578,297.157,371.489,581.448,792.334,320x200,194.739,253.732,313.948,398.869,476.148,666.122,320x200,219.737,281.422,347.189,467.811,606.117,562.02,320x200,230.833,293.328,381.856,584.241,564.243,1058.348,320x200,77.335,79.586,83.95,121.399,136.237,200.079,320x200,79.158,109.956,115.848,160.28,213.085,282.839,320x200,108.678,114.544,154.394,204.335,272.408,330.99,320x200,110.552,148.465,190.944,263.417,294.292,362.246,320x200,145.269,154.135,232.555,301.591,367.128,402.88,320x200,153.364,191.31,263.283,352.203,466.934,592.54,320x200,156.776,230.11,294.226,347.914,509.914,684.285,320x200,193.389,268.153,343.348,400.793,464.321,783.024,320x200,231.204,277.338,300.546,462.481,493.773,617.922,320x200,225.91,303.661,373.88,483.469,750.805,968.916,320x200,77.9,79.524,83.206,119.534,137.993,198.26,320x200,78.368,108.574,115.604,158.937,213.621,296.432,320x200,107.795,112.252,154.51,203.838,273.034,346.006,320x200,110.435,149.0,192.315,256.343,323.102,353.371,320x200,144.975,153.564,229.586,289.93,321.918,395.046,320x200,150.354,192.54,279.797,342.42,429.463,672.697,320x200,153.774,231.431,311.152,359.03,577.543,711.273,320x200,193.035,250.779,344.472,392.335,446.243,585.317,320x200,228.304,279.322,341.339,414.934,601.5,885.915,320x200,232.486,294.219,400.661,565.779,732.7,1235.362
320x240,77.87,78.88,83.287,120.049,137.906,198.626,,320x240,79.31,109.776,118.718,158.6,217.631,295.662,320x240,108.778,143.458,156.208,222.016,288.52,361.485,320x240,111.629,150.778,195.371,267.684,323.779,446.112,320x240,143.878,187.187,238.577,295.131,390.302,372.704,320x240,150.975,227.263,286.681,339.022,412.626,692.882,320x240,181.829,235.774,297.817,342.495,512.566,805.911,320x240,198.483,277.456,350.044,448.139,479.419,1024.469,320x240,236.303,304.114,344.658,401.251,603.34,981.546,320x240,254.019,313.952,385.738,535.607,774.665,1052.162,320x240,77.757,80.3,84.357,121.453,138.086,200.509,320x240,78.972,111.307,118.037,160.999,219.612,299.878,320x240,109.571,144.986,155.416,227.365,286.932,336.195,320x240,111.888,151.357,192.857,280.445,356.918,383.19,320x240,147.126,188.136,236.068,300.049,393.502,469.583,320x240,151.629,223.792,288.21,354.916,477.011,857.645,320x240,195.093,251.495,316.896,366.047,517.398,785.03,320x240,197.171,276.216,366.085,457.757,674.42,696.973,320x240,227.955,286.143,382.241,489.897,626.684,1085.938,320x240,266.323,317.27,398.033,547.762,779.108,1083.177,320x240,78.005,80.455,83.714,121.7,138.287,201.239,320x240,78.802,109.986,118.555,161.951,223.009,298.259,320x240,110.513,143.832,157.472,232.992,300.045,346.093,320x240,112.559,151.643,199.586,279.769,321.92,365.413,320x240,147.28,188.473,239.183,282.837,374.273,419.489,320x240,156.77,223.311,270.684,346.775,479.356,600.272,320x240,190.068,241.483,307.495,405.131,466.59,779.139,320x240,200.183,271.137,327.212,431.467,703.06,864.591,320x240,216.887,291.944,389.08,512.38,709.225,1012.207,320x240,246.402,299.043,410.916,565.182,706.921,727.149,320x240,77.283,80.065,83.66,120.445,138.762,201.73,320x240,78.925,110.342,118.77,161.855,219.015,298.875,320x240,111.029,145.015,155.834,230.451,300.386,338.109,320x240,112.166,150.336,200.036,271.62,325.282,389.331,320x240,146.395,186.851,243.219,332.618,329.218,369.002,320x240,161.068,225.883,291.185,383.4,441.981,701.262,320x240,186.797,236.516,306.743,371.805,426.977,718.285,320x240,203.038,269.759,360.911,492.37,675.96,953.594,320x240,228.52,291.285,362.788,457.487,779.982,981.27,320x240,270.567,314.985,426.893,565.272,843.565,1047.81,320x240,77.016,80.109,84.354,120.435,138.171,202.404,320x240,79.403,109.705,118.687,161.793,219.922,297.647,320x240,110.112,145.726,154.912,229.584,292.108,361.493,320x240,112.631,150.16,199.135,264.415,307.589,387.281,320x240,146.11,186.152,239.182,340.286,359.425,516.454,320x240,159.042,223.681,270.457,357.472,498.124,707.575,320x240,193.656,268.041,326.872,414.744,529.096,650.834,320x240,203.258,280.416,336.396,469.322,656.78,846.019,320x240,231.806,320.906,351.849,518.475,677.663,989.771,320x240,232.639,322.019,399.729,534.552,407.355,1018.449
480x270,76.998,80.748,112.652,122.438,170.044,241.366,,480x270,108.994,111.98,151.267,193.953,258.867,355.092,480x270,110.431,147.474,195.849,259.655,307.241,411.307,480x270,145.565,187.869,247.502,308.051,341.503,472.6,480x270,150.949,227.59,298.927,347.886,553.173,828.129,480x270,190.064,273.399,325.319,423.701,638.541,817.886,480x270,227.887,292.927,396.045,454.25,710.679,953.163,480x270,269.007,335.282,402.74,558.076,840.199,1017.895,480x270,279.95,370.296,466.346,570.536,885.038,1061.061,480x270,302.602,376.49,514.224,761.994,930.097,1375.773,480x270,77.585,79.898,114.278,122.715,172.659,238.397,480x270,109.162,113.878,150.305,200.292,265.211,324.743,480x270,113.107,148.187,195.553,274.369,317.895,350.731,480x270,145.588,189.568,246.518,305.322,335.388,550.632,480x270,172.384,230.658,306.326,432.944,501.521,839.686,480x270,198.244,261.97,360.012,486.441,598.745,931.128,480x270,232.859,291.084,358.737,579.683,676.381,1018.821,480x270,247.705,298.338,409.345,537.189,769.435,1076.123,480x270,281.69,315.325,416.339,727.622,905.701,606.708,480x270,323.341,396.936,483.949,454.701,917.73,713.48,480x270,78.092,80.352,113.51,122.648,173.059,241.651,480x270,108.727,112.111,151.75,198.646,280.632,354.983,480x270,111.4,151.29,197.207,266.491,303.913,353.578,480x270,147.869,191.466,243.576,321.463,346.625,420.733,480x270,156.664,231.666,300.517,393.585,537.291,810.89,480x270,195.67,273.389,334.052,454.146,625.233,864.863,480x270,233.758,308.018,389.162,461.162,716.334,928.484,480x270,274.822,313.693,411.008,526.846,788.192,1025.87,480x270,278.382,369.574,499.678,534.869,659.758,1290.012,480x270,291.8,359.442,414.517,671.96,917.847,820.235,480x270,78.307,80.121,112.638,122.966,173.658,239.003,480x270,108.89,111.834,151.003,196.566,286.575,309.782,480x270,112.896,148.248,192.966,263.811,317.72,362.098,480x270,144.936,188.894,244.946,293.055,351.964,452.028,480x270,154.62,221.613,303.114,344.48,585.851,686.133,480x270,199.435,275.72,329.338,411.047,635.787,820.25,480x270,237.043,319.755,344.547,495.802,765.745,1010.961,480x270,257.385,331.573,369.964,536.28,725.085,1076.506,480x270,278.967,356.929,365.388,633.276,834.712,624.939,480x270,305.284,388.52,492.993,633.72,946.372,1159.131,480x270,78.196,80.249,112.715,123.931,171.031,239.687,480x270,108.264,112.286,149.504,200.079,277.858,350.003,480x270,111.238,148.954,195.094,266.104,306.012,437.558,480x270,146.404,186.923,241.873,285.812,378.36,480.993,480x270,155.873,228.72,294.803,405.044,490.9,736.879,480x270,198.479,268.847,342.656,460.38,708.616,862.513,480x270,233.653,293.725,401.018,480.692,751.893,1219.769,480x270,244.868,319.412,379.451,487.991,773.364,1107.747,480x270,283.807,372.388,423.719,498.854,879.748,961.562,480x270,298.607,379.951,365.606,699.375,952.96,1214.194
480x300,78.393,80.356,113.221,122.004,170.046,242.729,,480x300,109.512,112.561,153.082,204.874,279.608,327.057,480x300,110.666,151.312,222.588,262.471,318.698,341.717,480x300,147.478,189.366,276.595,358.715,432.095,603.068,480x300,183.034,235.399,320.178,343.263,534.839,793.045,480x300,219.085,277.939,335.244,358.247,455.025,870.43,480x300,249.531,299.951,342.355,524.097,562.782,837.561,480x300,275.667,342.381,431.569,530.011,832.715,1156.672,480x300,284.368,364.249,488.597,687.707,896.153,1212.773,480x300,343.973,361.065,518.635,728.788,1106.691,1339.178,480x300,78.033,80.789,113.368,125.383,174.492,249.662,480x300,109.222,113.083,152.145,205.241,269.043,384.583,480x300,111.926,150.32,223.677,267.018,334.563,481.603,480x300,151.306,189.452,279.616,349.476,441.788,627.422,480x300,182.569,253.989,317.66,360.662,554.587,592.545,480x300,228.567,254.394,332.158,447.489,373.553,793.024,480x300,242.658,294.1,351.829,526.356,656.559,774.772,480x300,283.239,339.503,410.249,534.122,812.101,1149.619,480x300,292.38,377.511,464.294,689.592,897.152,1154.195,480x300,302.938,379.141,463.149,745.772,753.786,1328.402,480x300,78.91,80.451,113.407,123.697,175.662,242.868,480x300,109.223,112.833,152.036,202.17,269.523,316.824,480x300,113.157,149.797,222.824,270.375,313.732,385.522,480x300,149.39,191.509,271.271,352.876,437.799,512.434,480x300,190.514,237.191,316.989,380.966,669.958,770.216,480x300,226.522,263.305,320.172,353.968,526.071,882.189,480x300,249.16,288.508,374.681,467.923,651.848,698.65,480x300,282.297,348.452,428.421,586.163,597.842,973.091,480x300,307.876,366.038,492.613,651.628,906.541,604.206,480x300,316.433,386.878,526.445,782.143,975.963,1277.503,480x300,78.049,80.454,112.753,124.236,173.026,243.534,480x300,109.044,113.818,150.527,204.869,273.826,333.474,480x300,112.645,150.578,217.907,277.986,346.854,359.914,480x300,147.249,191.485,262.832,326.18,450.109,640.395,480x300,186.792,264.389,298.569,385.925,523.429,739.192,480x300,229.658,273.711,359.44,488.369,452.027,955.676,480x300,245.671,293.468,342.037,460.778,501.88,1085.636,480x300,259.235,315.078,440.304,621.028,763.208,1153.289,480x300,305.078,376.575,460.393,673.216,1017.697,1262.64,480x300,328.217,369.795,553.781,800.457,703.182,1330.012,480x300,78.673,79.91,113.576,124.722,175.747,244.474,480x300,108.567,114.326,154.042,204.309,271.274,323.245,480x300,113.062,150.588,222.887,267.864,339.073,420.493,480x300,148.478,190.848,279.62,311.455,439.869,661.099,480x300,191.513,246.82,321.69,383.722,611.719,718.371,480x300,222.101,283.385,308.309,378.094,678.383,871.848,480x300,242.236,294.537,392.065,370.227,641.858,525.609,480x300,271.362,300.326,422.592,602.182,734.561,1174.479,480x300,289.729,352.677,409.946,624.613,940.662,794.141,480x300,316.295,369.469,500.215,743.011,750.235,1298.063
480x360,78.6,80.334,114.926,153.126,174.905,263.934,,480x360,108.307,143.687,153.183,232.386,308.185,356.492,480x360,141.117,154.321,230.113,297.457,351.01,428.941,480x360,149.444,220.688,280.439,347.14,570.248,659.313,480x360,185.524,248.553,331.891,403.625,694.868,828.119,480x360,228.538,289.0,385.091,505.158,724.46,1006.354,480x360,255.076,322.255,430.266,455.404,724.782,1136.976,480x360,283.32,366.838,448.115,621.808,862.824,956.036,480x360,310.56,372.518,432.643,771.202,936.983,1301.299,480x360,320.651,435.829,584.223,883.324,1207.253,713.546,480x360,78.223,81.28,114.828,153.975,176.507,265.335,480x360,109.102,143.892,157.391,229.131,290.601,336.072,480x360,145.294,157.543,227.853,293.715,321.986,424.214,480x360,155.655,225.781,290.747,353.111,501.814,714.038,480x360,196.411,246.704,311.498,417.919,411.044,836.383,480x360,228.925,295.755,437.443,369.118,721.616,1010.178,480x360,269.149,298.384,332.981,586.305,822.23,997.411,480x360,289.308,356.042,466.608,629.403,853.191,896.997,480x360,309.52,367.582,546.337,703.725,1011.073,1402.177,480x360,345.385,365.202,496.306,771.949,1038.733,1532.095,480x360,79.03,81.597,114.588,155.568,178.578,258.384,480x360,108.722,142.883,156.018,228.697,296.95,374.829,480x360,143.741,153.67,229.761,294.263,371.576,477.865,480x360,151.549,215.649,293.274,371.142,455.226,698.814,480x360,191.864,258.105,304.016,489.703,611.685,717.942,480x360,229.755,292.619,399.262,513.32,744.976,1017.845,480x360,263.86,332.306,402.424,468.981,688.009,1079.671,480x360,294.666,355.781,445.857,682.156,735.418,1232.622,480x360,318.057,380.85,404.882,923.989,817.353,1443.953,480x360,345.769,336.104,602.136,788.185,1129.125,1478.031,480x360,79.16,81.384,114.833,153.414,174.481,269.395,480x360,108.122,143.305,154.134,228.43,295.575,388.824,480x360,142.579,154.581,231.734,299.758,317.007,427.022,480x360,159.209,224.739,272.482,372.857,485.031,705.255,480x360,193.807,246.771,309.662,413.779,618.791,775.365,480x360,232.564,293.582,382.022,548.754,779.555,941.551,480x360,260.317,316.809,417.87,576.855,774.24,1014.743,480x360,286.735,331.174,481.97,618.396,849.0,1043.271,480x360,315.276,439.11,481.744,657.146,1024.339,1346.505,480x360,337.658,410.865,610.309,848.161,1043.141,984.202,480x360,78.546,80.594,114.428,153.768,176.667,264.689,480x360,109.355,142.886,157.525,225.445,306.053,358.082,480x360,143.39,156.283,233.278,288.944,316.552,460.245,480x360,152.603,217.558,278.165,352.946,479.919,716.208,480x360,196.137,244.292,331.129,416.259,691.086,835.485,480x360,232.793,302.128,354.547,382.517,717.796,1057.361,480x360,268.131,335.87,398.118,436.136,818.567,1109.604,480x360,287.472,333.855,481.055,637.747,827.575,1280.7,480x360,301.563,364.63,486.114,664.808,995.275,1412.912,480x360,318.183,377.018,571.245,765.48,1010.955,1388.629
640x360,78.184,109.157,115.078,156.746,208.326,278.947,,640x360,109.883,147.906,191.026,241.884,299.396,384.305,640x360,144.195,188.502,241.047,282.294,318.935,473.087,640x360,181.581,236.476,314.089,353.425,551.4,682.652,640x360,232.249,277.682,347.347,405.516,685.077,941.478,640x360,253.895,304.469,420.344,563.627,539.253,1101.884,640x360,268.21,354.034,472.411,655.393,687.402,1028.292,640x360,311.901,389.969,564.508,822.52,710.26,1479.796,640x360,360.462,456.369,634.672,841.992,1171.048,1408.351,640x360,354.324,396.649,701.202,1076.935,1306.287,1636.911,640x360,78.49,109.785,117.168,158.124,212.823,280.782,640x360,111.495,145.483,190.984,248.912,299.898,348.944,640x360,147.621,188.959,249.758,299.861,354.014,373.418,640x360,186.242,241.466,298.917,389.993,508.838,759.682,640x360,229.016,281.178,404.182,468.011,581.74,889.22,640x360,259.993,320.961,430.633,555.326,653.432,1039.1,640x360,309.804,331.162,425.577,627.21,906.549,1200.149,640x360,308.825,378.002,383.281,595.372,1068.988,1310.245,640x360,368.52,464.514,613.771,877.845,1133.658,1632.633,640x360,366.494,538.542,440.935,979.466,1344.067,1761.088,640x360,79.101,108.792,114.951,157.814,212.043,285.656,640x360,109.698,146.108,188.524,247.094,306.212,350.929,640x360,148.194,188.756,239.577,302.192,392.381,446.053,640x360,185.957,262.017,330.491,381.929,489.843,558.859,640x360,225.215,259.292,350.777,508.609,662.183,781.334,640x360,259.232,341.822,428.135,552.312,782.841,1027.34,640x360,308.712,363.46,450.839,659.872,880.435,1209.291,640x360,304.583,411.209,498.987,766.471,1025.92,1443.079,640x360,334.41,423.687,621.093,877.833,1140.492,1558.214,640x360,383.39,455.683,687.013,937.729,1174.536,1670.222,640x360,78.852,108.593,116.365,158.267,210.84,279.969,640x360,111.403,143.969,190.177,245.363,290.356,348.96,640x360,147.856,187.284,244.706,310.905,430.09,433.437,640x360,190.691,247.31,307.875,380.305,651.298,780.49,640x360,226.293,284.781,368.606,469.155,619.238,934.543,640x360,258.303,342.763,425.616,515.488,661.028,1086.044,640x360,294.436,319.213,484.346,506.338,891.133,1223.081,640x360,316.615,373.758,520.703,416.935,801.849,1301.257,640x360,362.879,464.994,602.464,689.937,1228.362,965.64,640x360,410.08,489.254,636.45,955.138,1294.318,1599.893,640x360,79.07,108.588,116.099,156.196,208.671,287.564,640x360,109.794,147.738,189.421,243.802,287.971,332.337,640x360,146.632,182.425,242.74,299.04,341.932,495.335,640x360,195.09,242.04,307.568,428.569,551.321,758.698,640x360,231.992,271.304,344.076,494.993,554.832,1012.226,640x360,248.562,299.738,360.629,506.343,730.152,924.642,640x360,290.145,361.154,467.82,579.401,914.771,1336.155,640x360,338.086,329.411,519.316,789.196,869.494,1353.649,640x360,340.815,410.802,595.393,579.758,1158.342,1607.809,640x360,389.497,556.292,455.905,896.281,1331.223,1637.955
640x400,78.857,108.995,114.916,158.154,211.37,287.108,,640x400,111.006,147.788,190.365,251.463,308.006,354.714,640x400,145.761,191.2,275.004,334.773,389.127,641.754,640x400,184.713,241.537,330.511,448.021,506.383,692.745,640x400,235.78,289.757,412.699,479.344,687.548,1034.77,640x400,276.519,343.968,423.854,535.738,728.891,564.355,640x400,290.778,398.097,458.092,683.603,614.4,1203.995,640x400,348.428,434.344,618.202,604.676,1318.272,906.81,640x400,348.436,415.913,691.995,897.982,1486.48,1758.106,640x400,406.41,633.717,628.499,890.431,1379.439,1913.977,640x400,79.327,110.013,116.613,160.085,212.775,316.244,640x400,112.066,146.859,193.698,272.921,295.925,440.801,640x400,148.878,191.191,255.078,330.275,445.975,455.305,640x400,196.089,256.299,319.915,496.469,576.871,777.038,640x400,233.824,293.06,343.346,520.344,564.499,953.825,640x400,268.458,324.707,425.674,419.848,727.562,951.004,640x400,299.517,351.497,503.79,671.01,984.139,998.523,640x400,306.656,407.69,507.167,829.208,1119.375,1480.098,640x400,381.216,402.051,563.649,945.377,1175.488,1579.008,640x400,373.2,491.659,696.748,1034.819,1335.133,1660.633,640x400,79.052,110.828,115.58,159.647,213.452,286.851,640x400,111.559,147.26,194.016,254.01,309.715,351.97,640x400,148.845,191.116,280.374,355.671,401.226,488.142,640x400,186.671,240.034,309.338,461.821,638.157,742.817,640x400,230.275,291.731,377.249,457.721,623.292,1026.917,640x400,286.317,326.975,434.104,564.776,698.467,1134.858,640x400,288.056,391.369,449.207,662.811,956.467,1073.353,640x400,335.027,426.072,658.679,790.42,1151.601,737.459,640x400,384.33,460.59,567.278,923.697,1268.175,1617.467,640x400,419.872,467.23,754.918,917.032,1357.236,1903.692,640x400,79.623,110.555,117.009,158.556,211.529,288.954,640x400,111.207,148.281,191.168,248.563,296.954,347.165,640x400,148.663,191.072,267.83,334.483,436.506,524.984,640x400,197.916,259.501,346.59,410.457,581.086,608.026,640x400,235.095,293.164,360.472,579.648,775.266,987.201,640x400,282.086,322.978,395.706,572.797,697.766,978.313,640x400,300.116,372.349,456.048,590.266,911.723,1058.114,640x400,325.346,376.331,711.171,802.186,788.447,1317.022,640x400,347.697,419.666,617.354,1001.164,894.551,1695.612,640x400,382.441,512.484,709.649,994.569,1106.982,1788.382,640x400,79.404,109.796,115.909,157.293,214.131,286.07,640x400,112.298,147.126,193.849,236.553,309.935,359.478,640x400,154.054,191.526,254.692,339.712,447.498,654.652,640x400,194.799,266.519,347.092,427.481,594.462,776.075,640x400,230.458,284.694,361.623,544.785,748.277,1014.132,640x400,262.012,343.015,419.066,611.732,845.376,566.932,640x400,324.808,332.892,625.414,721.097,992.672,1072.564,640x400,298.289,433.928,642.07,806.523,843.495,958.819,640x400,352.664,404.577,634.873,916.293,769.596,1620.792,640x400,402.75,567.839,646.607,1009.098,1123.885,1652.979
640x480,78.546,110.994,116.668,158.26,217.209,294.097,,640x480,111.011,150.355,199.076,264.061,309.024,364.163,640x480,150.556,219.37,295.783,337.944,446.051,709.061,640x480,191.205,271.14,351.259,432.531,495.766,925.621,640x480,259.501,310.752,392.391,514.965,813.681,991.597,640x480,278.255,359.855,467.711,648.036,933.264,1196.385,640x480,303.075,402.137,512.514,811.062,1117.529,1412.554,640x480,360.562,449.221,574.163,567.797,1241.518,1614.129,640x480,371.489,495.239,719.838,1036.083,1245.852,1822.83,640x480,473.992,387.57,787.309,956.687,1531.997,1902.695,640x480,80.221,111.291,118.09,160.531,229.155,296.657,640x480,111.767,151.744,199.431,282.157,313.754,377.989,640x480,151.794,220.654,287.412,371.305,395.92,747.286,640x480,200.353,280.255,354.528,484.359,664.321,927.898,640x480,245.168,302.327,345.51,517.717,760.661,1083.643,640x480,300.356,348.929,462.697,615.529,894.717,975.735,640x480,343.724,379.225,556.196,569.109,1099.1,1208.653,640x480,375.102,461.912,520.824,859.346,1092.335,1515.439,640x480,365.92,480.373,716.224,1168.953,1457.76,931.11,640x480,442.488,547.817,822.553,1070.987,1509.781,1955.331,640x480,79.005,109.312,116.788,161.013,219.455,317.862,640x480,110.713,150.658,199.284,262.479,323.804,382.021,640x480,152.508,223.52,291.888,349.194,461.866,729.716,640x480,186.035,265.986,376.44,466.685,723.076,1047.092,640x480,247.898,305.068,407.834,539.422,502.922,1041.497,640x480,295.488,351.777,479.281,676.8,812.551,1187.411,640x480,320.384,371.443,394.026,771.831,1073.228,1460.325,640x480,372.471,460.651,584.485,617.137,1201.576,1122.064,640x480,363.579,511.56,652.633,1138.952,1054.818,1967.954,640x480,390.959,568.442,790.484,962.136,1259.13,1943.017,640x480,79.335,109.641,117.897,163.131,218.313,298.925,640x480,111.942,150.373,197.856,261.586,337.639,370.701,640x480,151.146,224.98,284.759,375.041,434.922,666.848,640x480,199.141,280.912,318.567,515.21,533.983,919.029,640x480,254.148,333.104,378.515,520.226,650.574,1110.306,640x480,281.31,364.763,436.348,636.22,851.342,1120.358,640x480,314.133,390.946,565.37,781.503,1212.122,1457.372,640x480,362.295,437.187,640.328,937.275,1161.914,1744.618,640x480,350.998,486.215,680.934,1010.278,1371.818,1761.475,640x480,421.538,539.728,764.655,1222.38,1293.03,2067.798,640x480,78.747,110.231,117.93,160.839,220.728,296.205,640x480,112.61,151.139,199.754,273.929,340.388,391.645,640x480,160.561,223.073,291.935,349.118,469.758,745.295,640x480,204.094,266.078,366.115,444.211,651.807,913.746,640x480,269.127,322.086,359.118,514.55,651.851,923.134,640x480,288.785,359.426,397.528,555.09,490.265,1255.825,640x480,307.54,412.673,385.501,609.901,1139.354,1423.432,640x480,364.886,434.4,639.617,873.104,1234.309,1578.983,640x480,340.457,482.66,443.484,1038.207,1374.224,1684.123,640x480,414.775,570.253,662.723,1132.77,1518.886,2054.218
800x450,78.954,109.676,148.669,161.938,243.99,325.667,,800x450,141.105,154.135,224.863,283.288,385.557,383.968,800x450,158.287,229.068,300.335,402.767,429.761,716.108,800x450,220.053,270.028,337.949,438.309,526.241,954.851,800x450,258.982,329.828,413.39,543.039,861.227,884.218,800x450,301.201,364.818,481.572,714.269,829.104,1197.08,800x450,338.077,410.17,620.588,848.287,1070.536,1552.276,800x450,419.934,522.229,750.136,1003.931,1278.813,1669.952,800x450,426.207,648.175,773.167,1126.006,1413.068,1867.01,800x450,504.093,588.65,894.359,838.8,1655.811,2118.512,800x450,78.958,110.184,148.716,163.373,245.781,331.756,800x450,141.567,151.656,224.295,304.842,322.533,393.706,800x450,172.516,231.083,299.56,430.148,493.036,622.476,800x450,231.919,289.508,302.681,428.016,703.868,471.486,800x450,279.72,319.815,398.683,608.171,817.051,880.259,800x450,299.818,385.976,453.701,686.329,939.215,1286.027,800x450,340.725,371.427,560.828,784.079,1336.115,1528.184,800x450,376.644,420.408,735.384,1081.504,1347.455,1705.961,800x450,429.904,523.282,740.677,1097.894,1415.507,1981.869,800x450,488.013,650.717,827.774,1198.534,1654.998,2037.709,800x450,79.287,110.316,147.789,157.462,241.911,319.267,800x450,142.218,152.677,221.307,278.986,321.451,385.205,800x450,165.138,230.203,302.958,389.554,525.414,474.586,800x450,234.794,270.853,352.416,347.473,691.433,677.314,800x450,279.323,337.891,416.331,612.506,903.844,1071.463,800x450,331.693,373.497,468.437,661.577,931.053,1247.019,800x450,345.009,433.125,611.803,830.884,844.018,1627.273,800x450,390.121,470.533,615.885,927.892,1457.112,1799.88,800x450,447.849,571.747,776.864,970.986,1448.809,2009.159,800x450,452.933,584.267,714.11,1190.966,1006.024,1985.519,800x450,79.177,111.512,146.731,163.454,248.95,320.74,800x450,143.011,152.579,225.675,283.641,314.718,418.1,800x450,162.103,230.255,309.066,357.044,559.873,625.678,800x450,229.599,279.575,396.327,367.21,609.738,591.853,800x450,258.679,305.636,404.046,498.378,798.209,1335.0,800x450,316.814,369.111,404.861,639.963,1063.129,1263.657,800x450,351.802,364.591,448.561,835.171,1158.334,1528.892,800x450,395.874,533.56,649.608,912.2,1344.687,1301.083,800x450,434.501,498.583,763.754,1124.889,1449.628,1794.233,800x450,462.254,645.772,889.968,1187.355,1658.798,2241.514,800x450,79.333,111.152,146.849,163.788,240.684,348.148,800x450,141.729,152.842,224.857,286.475,317.317,393.516,800x450,163.24,226.427,296.173,411.609,471.311,735.56,800x450,237.213,279.848,381.763,489.458,547.599,958.686,800x450,276.719,325.567,418.17,559.075,610.827,1204.843,800x450,298.938,371.652,395.338,718.282,679.064,1115.066,800x450,353.723,415.003,566.334,905.489,582.685,1538.158,800x450,389.456,476.647,780.365,876.702,1015.659,1710.621,800x450,436.367,640.427,779.39,1026.698,1458.76,1914.017,800x450,379.101,583.927,772.26,948.792,1355.762,1925.167
800x500,79.314,110.538,147.1,166.931,242.128,301.94,,800x500,142.427,153.867,229.36,291.444,392.149,357.91,800x500,182.15,254.585,328.707,408.423,469.152,631.206,800x500,228.163,311.545,349.944,417.176,683.613,983.673,800x500,278.298,327.137,334.148,605.321,802.258,1131.366,800x500,306.705,384.384,526.168,462.365,1003.385,1471.735,800x500,359.272,469.281,549.675,845.685,1174.679,1575.974,800x500,428.137,545.062,670.882,949.81,1021.151,1844.097,800x500,491.199,568.415,602.534,1165.352,1560.486,2035.865,800x500,475.702,590.806,827.903,1146.147,1632.869,2112.768,800x500,79.952,111.384,147.468,167.77,260.973,332.013,800x500,142.192,153.393,227.236,290.354,349.513,434.719,800x500,187.174,245.13,317.013,405.474,477.402,872.071,800x500,232.508,299.553,377.203,492.493,719.422,934.249,800x500,273.502,349.19,441.268,450.936,819.514,897.796,800x500,327.455,383.031,407.717,712.546,507.856,912.841,800x500,357.408,354.272,473.45,835.453,841.308,1567.611,800x500,433.122,503.448,594.345,943.517,1351.819,1794.886,800x500,430.53,584.463,667.238,1062.342,1393.673,2066.139,800x500,487.854,638.833,753.124,927.311,1653.813,2164.28,800x500,79.908,112.261,145.954,164.673,251.155,333.693,800x500,143.019,155.401,228.245,306.905,341.328,413.759,800x500,185.834,236.883,330.61,380.386,519.757,693.791,800x500,231.56,288.746,355.163,449.109,739.965,1014.765,800x500,287.103,341.585,438.317,734.379,804.542,1144.767,800x500,324.774,381.392,496.28,720.025,876.722,1435.806,800x500,335.941,486.305,581.168,570.703,1057.726,1645.496,800x500,375.447,502.11,782.164,989.419,1267.998,1295.349,800x500,424.458,640.166,928.19,881.113,1459.119,1987.858,800x500,485.58,646.218,1026.418,1219.834,1592.017,1267.121,800x500,80.428,111.833,148.881,166.998,252.2,332.466,800x500,147.734,155.594,232.748,298.009,324.767,404.327,800x500,190.267,262.132,323.664,383.956,462.184,653.882,800x500,230.726,286.481,382.42,592.51,790.793,961.089,800x500,281.953,333.933,392.353,643.342,841.751,1136.362,800x500,336.653,404.536,524.945,732.989,996.964,1015.728,800x500,325.647,400.198,636.474,714.328,623.327,825.187,800x500,417.134,526.973,677.945,1054.193,1147.573,1531.495,800x500,440.26,583.599,803.211,1100.158,1357.969,1981.939,800x500,549.42,786.094,734.321,1094.937,1693.4,2209.924,800x500,79.459,111.362,148.531,167.2,248.77,342.698,800x500,143.962,147.079,232.039,292.146,318.264,414.786,800x500,195.375,255.828,303.662,398.175,386.786,664.866,800x500,232.672,297.491,325.04,498.789,866.871,983.125,800x500,283.513,334.803,446.161,414.323,799.936,1073.831,800x500,321.162,332.341,577.154,493.882,644.556,1413.879,800x500,363.866,494.338,660.058,947.393,1012.526,1454.826,800x500,394.121,503.067,716.725,691.162,1394.549,1842.732,800x500,366.884,591.784,854.459,1253.876,1400.755,1983.488,800x500,514.946,665.795,963.743,1034.048,1625.558,2200.233
800x600,108.0,112.415,152.392,197.413,264.955,313.465,,800x600,146.06,185.9,239.193,318.825,331.157,523.282,800x600,187.505,248.971,313.373,345.142,664.089,670.661,800x600,242.665,295.657,384.011,459.981,520.567,936.252,800x600,285.179,359.03,507.095,692.515,491.638,1355.989,800x600,303.437,415.881,538.195,585.945,1063.018,1569.435,800x600,399.518,463.858,707.261,896.117,1341.861,1659.789,800x600,417.566,528.228,678.293,1128.333,1505.808,1785.59,800x600,484.038,616.688,753.71,1093.502,1591.848,1520.815,800x600,491.209,680.202,1011.478,1380.646,1778.193,2306.359,800x600,107.787,112.797,150.282,198.705,262.332,315.325,800x600,144.86,187.514,236.17,326.795,335.776,463.656,800x600,196.544,271.613,344.106,406.569,514.584,624.79,800x600,246.001,297.841,367.3,395.72,787.157,875.695,800x600,296.975,355.04,444.673,711.113,774.505,1222.273,800x600,336.79,416.522,532.375,721.491,1134.36,1546.489,800x600,361.924,486.795,487.997,976.613,1309.942,1627.824,800x600,407.449,565.473,785.918,1067.724,1563.929,1942.559,800x600,437.187,654.91,853.343,1139.247,1550.903,1865.493,800x600,517.524,563.833,1089.434,1345.393,1565.965,1728.999,800x600,106.877,113.26,150.266,199.052,258.137,346.686,800x600,146.942,186.523,261.581,296.34,368.06,460.411,800x600,193.435,258.653,351.167,435.51,640.701,744.357,800x600,270.084,313.074,385.151,616.972,677.518,820.437,800x600,295.183,375.317,460.712,566.374,868.717,894.965,800x600,331.505,392.247,573.213,980.924,1123.847,1335.72,800x600,392.425,502.065,593.844,696.971,1330.535,1721.494,800x600,341.033,459.083,761.801,1023.288,1464.914,1740.109,800x600,423.329,596.569,812.308,1193.918,1645.682,2086.14,800x600,484.923,752.087,824.645,1369.179,1853.975,2305.956,800x600,108.528,111.838,150.188,199.889,256.688,355.217,800x600,147.202,185.924,240.66,306.09,373.111,420.716,800x600,186.685,248.256,330.572,418.235,532.516,693.575,800x600,259.021,299.107,335.108,456.987,545.777,756.414,800x600,297.088,359.588,506.336,659.61,950.26,1246.107,800x600,349.611,412.569,569.832,894.495,1112.199,1316.798,800x600,368.034,502.244,648.156,968.558,1237.735,1721.418,800x600,406.136,577.316,563.098,1096.608,1106.104,2001.127,800x600,530.419,502.522,856.898,1148.568,1661.762,2252.345,800x600,487.62,702.358,841.988,1413.989,1224.408,2032.997,800x600,107.301,112.47,149.758,197.071,278.359,347.043,800x600,146.638,188.502,238.852,325.486,406.287,423.254,800x600,190.829,272.348,301.264,407.431,633.432,634.125,800x600,250.805,298.275,395.384,553.182,794.166,651.826,800x600,307.801,354.433,476.624,436.999,859.81,1277.149,800x600,340.459,404.062,403.578,685.486,1148.239,1441.263,800x600,381.224,470.463,731.611,1050.529,1240.785,1770.317,800x600,405.136,667.222,741.047,1011.974,1499.071,1949.197,800x600,464.599,581.533,832.492,1204.16,1650.27,2069.82,800x600,570.07,690.282,951.686,1333.703,1648.556,2293.647
1024x576,107.965,112.933,154.124,203.353,270.784,324.833,,1024x576,146.898,192.065,276.876,309.234,427.456,608.269,1024x576,220.469,270.278,337.749,458.226,670.329,837.515,1024x576,274.094,347.165,417.549,491.861,802.182,836.515,1024x576,309.842,359.1,501.58,560.713,853.26,1416.684,1024x576,335.019,511.003,603.911,824.441,1185.227,1573.897,1024x576,451.313,570.169,839.783,675.098,1350.233,2021.288,1024x576,534.974,650.095,890.515,1177.158,1676.424,1630.091,1024x576,611.713,628.593,1086.396,1250.667,1746.613,2268.482,1024x576,593.484,756.8,1138.653,1531.695,1915.216,2462.912,1024x576,109.051,114.686,155.225,205.76,275.282,342.628,1024x576,149.044,190.59,280.156,362.477,477.855,663.818,1024x576,219.849,262.133,309.088,453.085,372.334,938.647,1024x576,282.149,329.019,360.013,612.662,714.124,1006.294,1024x576,320.13,444.485,518.459,759.502,682.135,1385.659,1024x576,363.512,439.954,633.143,982.297,940.562,1614.278,1024x576,409.424,541.768,741.249,1086.767,1496.813,1949.462,1024x576,403.491,685.91,923.085,1210.548,1561.586,2162.811,1024x576,507.197,526.097,1027.325,1359.939,1731.006,2322.689,1024x576,698.16,665.843,1045.08,1568.733,1948.813,2602.962,1024x576,108.191,113.067,152.825,204.139,286.063,338.248,1024x576,148.494,192.801,280.061,354.67,454.755,656.919,1024x576,229.429,263.079,398.061,452.272,580.065,497.628,1024x576,267.998,334.557,448.183,600.52,752.067,1012.677,1024x576,332.331,388.712,549.751,585.7,1083.417,1278.219,1024x576,357.117,454.392,698.257,917.766,953.733,1593.069,1024x576,420.599,444.82,787.854,1183.226,1041.756,1913.004,1024x576,456.227,689.935,860.737,923.445,1617.694,2207.553,1024x576,445.974,724.989,1032.823,1310.389,1709.934,2332.797,1024x576,515.172,813.533,1087.777,1575.719,1441.246,2612.19,1024x576,109.374,113.155,154.472,206.081,273.406,356.6,1024x576,150.536,213.581,283.532,355.625,476.392,676.828,1024x576,232.195,263.632,345.797,419.686,492.038,492.181,1024x576,272.187,345.164,410.098,621.019,823.747,1047.84,1024x576,315.833,333.401,489.753,705.936,1083.732,1136.251,1024x576,364.593,461.395,599.134,888.739,1278.746,1214.042,1024x576,410.688,510.281,785.498,1098.636,1473.204,2047.253,1024x576,475.393,652.633,868.041,1259.18,1644.667,1866.048,1024x576,528.806,524.912,961.053,979.756,1736.211,2256.011,1024x576,443.789,795.645,1119.502,1433.698,1913.549,2542.66,1024x576,109.424,113.836,152.731,205.475,277.106,354.962,1024x576,148.372,191.723,277.969,335.419,407.305,732.652,1024x576,224.819,282.549,333.026,347.719,590.322,660.521,1024x576,270.698,343.715,433.668,631.047,892.904,901.112,1024x576,346.043,428.5,573.063,705.62,1035.273,735.217,1024x576,363.193,492.854,738.609,838.617,1229.051,1624.935,1024x576,360.312,569.935,794.376,1080.502,1488.503,1628.153,1024x576,478.364,581.854,893.641,1187.94,1582.297,1516.835,1024x576,490.03,696.983,1069.992,1171.031,1769.195,2327.271,1024x576,580.724,695.79,724.659,1573.073,1826.601,2331.986
1024x640,107.894,114.812,154.943,222.516,286.216,346.772,,1024x640,147.755,223.769,257.729,321.274,501.913,680.7,1024x640,227.181,290.528,327.365,538.982,558.565,971.814,1024x640,280.891,347.315,462.195,473.878,852.018,774.492,1024x640,350.214,417.899,597.921,834.319,1228.749,1519.978,1024x640,388.888,483.035,719.196,510.43,1314.733,1636.599,1024x640,428.869,594.804,890.498,1137.524,1410.375,1969.753,1024x640,504.969,664.74,960.816,1339.697,1369.506,1917.623,1024x640,568.978,762.93,1021.088,1369.531,1733.533,2485.195,1024x640,689.556,764.066,1055.699,1550.895,2004.037,2734.455,1024x640,110.319,113.676,155.137,226.973,292.115,342.051,1024x640,156.328,223.082,269.109,347.108,475.461,682.142,1024x640,220.489,285.08,336.683,577.108,774.805,739.535,1024x640,291.946,364.6,405.605,617.661,916.051,1190.604,1024x640,352.679,428.37,566.509,549.512,1043.38,1342.87,1024x640,357.655,504.261,626.448,1006.803,1360.907,1721.002,1024x640,428.156,596.856,694.626,1187.697,1342.04,1858.457,1024x640,474.838,661.015,604.566,765.743,1634.502,2211.159,1024x640,539.65,909.26,1027.067,1437.56,1741.828,2448.007,1024x640,671.048,846.757,1164.854,1492.231,1979.384,2631.05,1024x640,109.76,114.135,153.841,230.21,274.496,363.913,1024x640,155.851,222.333,259.223,337.837,547.194,771.741,1024x640,227.19,272.135,338.519,494.111,708.29,927.982,1024x640,288.082,331.32,440.453,568.443,786.612,888.483,1024x640,344.39,400.381,522.02,836.581,1150.466,1011.402,1024x640,369.629,470.562,678.523,977.358,1157.674,1557.026,1024x640,445.074,728.573,712.417,1162.247,1545.802,1485.809,1024x640,506.25,709.974,924.598,1224.998,1702.724,1624.484,1024x640,507.959,686.072,1049.506,971.288,1842.355,2452.704,1024x640,531.511,798.312,1117.257,1687.379,1875.524,2747.811,1024x640,108.369,113.861,154.36,228.307,311.78,360.304,1024x640,158.833,212.865,278.707,362.552,459.214,723.688,1024x640,223.898,292.04,342.35,554.388,585.427,571.351,1024x640,288.455,356.954,507.092,662.931,856.849,1142.576,1024x640,329.633,437.158,608.627,772.666,1088.312,1492.372,1024x640,390.992,434.276,707.437,1005.457,933.751,1688.038,1024x640,475.607,618.321,817.432,1071.314,1285.829,1849.436,1024x640,512.137,671.309,768.658,1273.087,1601.503,2110.995,1024x640,506.711,755.979,1107.198,1351.422,1831.661,2493.361,1024x640,710.171,851.632,1104.789,1524.034,2001.128,2752.591,1024x640,109.555,113.292,154.045,233.8,280.203,379.044,1024x640,156.156,221.664,286.416,355.3,457.945,648.62,1024x640,229.254,291.448,354.405,491.199,659.637,713.284,1024x640,277.225,352.444,432.54,573.682,669.903,1206.476,1024x640,335.598,413.418,544.656,579.158,1056.886,1096.353,1024x640,402.073,587.676,651.103,968.984,1297.795,1765.468,1024x640,439.528,502.093,858.495,1058.448,1575.063,1916.733,1024x640,459.052,657.883,901.94,1248.309,1733.794,2189.291,1024x640,525.879,614.494,954.889,1426.372,1364.521,2203.997,1024x640,578.93,742.712,1121.591,1416.019,2085.34,2565.132
1024x768,108.524,143.096,157.737,236.127,303.207,348.914,,1024x768,151.185,228.612,296.144,383.691,499.676,731.249,1024x768,236.763,291.074,384.821,510.168,751.396,529.734,1024x768,296.456,378.82,383.921,670.826,457.928,1308.279,1024x768,372.185,463.181,608.123,890.114,1163.226,1648.714,1024x768,444.555,521.292,762.609,1013.898,1474.247,1967.912,1024x768,499.195,443.295,885.765,1048.836,1618.293,2183.361,1024x768,471.369,704.98,1011.056,1361.075,1812.682,2464.633,1024x768,563.911,842.309,1146.694,1626.292,1937.601,2685.351,1024x768,680.998,558.791,998.743,1665.653,2191.561,3070.84,1024x768,110.85,146.525,160.046,239.236,314.197,337.526,1024x768,161.891,229.075,291.883,398.256,503.996,776.152,1024x768,256.002,300.318,378.208,444.726,699.572,725.556,1024x768,291.045,361.208,527.68,649.83,890.598,1203.366,1024x768,357.172,335.095,632.512,881.766,1226.068,879.022,1024x768,437.231,514.465,774.195,657.238,1104.774,1973.996,1024x768,491.193,613.839,885.658,925.635,1586.714,1672.301,1024x768,520.515,770.776,978.073,1325.358,1813.652,2419.671,1024x768,391.31,868.39,1229.855,1486.797,1335.312,2793.969,1024x768,624.69,838.631,1098.335,1701.502,2057.982,3084.145,1024x768,109.806,146.16,159.012,234.219,302.51,328.611,1024x768,163.777,232.146,293.861,375.609,566.944,820.724,1024x768,245.263,300.288,420.349,482.607,610.279,846.281,1024x768,299.022,375.869,419.15,670.552,810.207,1354.944,1024x768,336.403,435.611,611.985,886.956,1184.238,1606.91,1024x768,462.701,545.034,660.694,1027.284,1395.258,1900.742,1024x768,466.252,581.535,914.707,1118.606,1577.896,2018.163,1024x768,508.91,601.303,943.403,1435.89,1977.492,2411.98,1024x768,608.799,834.836,992.252,1540.448,1850.465,2714.569,1024x768,621.154,1114.881,1169.855,1377.145,2162.125,2981.017,1024x768,109.909,144.381,162.29,239.032,309.158,331.703,1024x768,159.725,225.532,300.833,394.863,518.458,885.7,1024x768,243.927,302.997,377.584,437.331,435.014,1002.142,1024x768,307.102,370.662,489.324,570.029,626.603,1315.552,1024x768,326.38,387.945,605.772,897.664,1136.798,1532.427,1024x768,459.178,466.775,816.003,1059.843,1387.725,1812.12,1024x768,457.857,693.776,863.783,1253.694,1650.535,2172.27,1024x768,468.031,840.14,1030.96,1311.375,1754.619,2290.468,1024x768,604.878,829.476,1133.952,1507.849,1695.304,2641.343,1024x768,598.953,1089.449,1213.687,1718.01,2123.176,3013.11,1024x768,110.896,144.896,157.961,236.668,317.652,347.42,1024x768,154.796,231.55,301.811,374.597,488.769,855.796,1024x768,248.968,299.047,372.837,551.549,435.683,1006.593,1024x768,299.832,381.734,382.818,506.787,973.538,1276.216,1024x768,379.768,463.789,600.611,959.558,1169.77,1471.273,1024x768,419.613,529.481,741.093,969.749,1385.397,1835.041,1024x768,462.589,612.844,949.458,1249.318,1083.32,1633.919,1024x768,544.725,756.685,909.64,1456.338,1848.345,2497.348,1024x768,592.146,781.872,1198.24,1535.142,1933.157,2668.697,1024x768,605.004,800.444,1091.487,1498.082,2129.559,2824.777
1280x720,109.094,146.487,187.799,247.19,308.29,378.619,,1280x720,181.26,237.909,301.758,374.447,483.372,504.982,1280x720,265.469,334.258,384.985,609.477,732.524,1077.474,1280x720,319.89,394.617,551.195,884.304,1007.361,1489.591,1280x720,366.602,435.886,679.544,922.16,1344.831,1777.066,1280x720,390.007,531.54,819.357,1211.041,1434.137,1636.563,1280x720,491.018,730.607,825.923,918.297,1771.655,2257.793,1280x720,561.284,869.477,1049.904,1501.964,1919.675,2513.793,1280x720,640.394,1067.909,1271.396,1712.57,2074.359,2938.052,1280x720,749.577,1032.789,1290.922,1550.968,2299.799,3164.376,1280x720,111.357,146.96,189.951,255.521,316.464,377.19,1280x720,192.213,235.817,308.737,342.065,491.748,454.024,1280x720,263.948,297.716,384.406,603.042,735.225,777.383,1280x720,339.743,409.938,544.778,781.962,1014.4,1263.899,1280x720,379.981,457.02,509.296,984.784,1259.294,1291.81,1280x720,425.703,508.239,921.661,1093.401,1527.949,2021.427,1280x720,470.285,723.015,1043.68,1336.605,1273.794,2276.103,1280x720,497.864,778.395,962.529,1394.956,1973.117,2641.66,1280x720,630.446,897.25,1226.369,1552.442,1954.115,2829.176,1280x720,737.698,929.132,1336.18,1413.139,2217.538,3262.853,1280x720,109.613,143.814,188.238,243.937,297.903,351.377,1280x720,185.145,240.614,310.987,396.147,404.976,674.184,1280x720,262.577,326.192,418.561,562.159,457.515,1031.258,1280x720,338.174,388.74,531.19,752.087,1053.62,1425.606,1280x720,377.346,491.19,564.026,884.73,1207.06,1809.724,1280x720,405.093,612.193,842.91,798.78,1523.027,2091.671,1280x720,502.756,705.382,967.656,1300.112,1691.572,1399.877,1280x720,551.06,820.896,1223.656,1463.839,1977.868,2569.195,1280x720,669.381,915.277,1211.158,1468.809,2089.702,3070.972,1280x720,529.191,1012.495,1128.848,1742.847,2287.181,3404.904,1280x720,110.088,147.832,190.363,252.595,304.69,346.459,1280x720,186.825,241.479,318.88,387.398,388.775,697.156,1280x720,262.374,319.849,409.731,537.436,742.358,1018.681,1280x720,327.473,428.73,551.48,675.113,847.779,1375.112,1280x720,369.381,414.931,470.558,797.099,971.772,1738.708,1280x720,489.917,558.129,795.771,885.985,1487.152,2021.943,1280x720,516.817,698.01,743.66,1310.947,1610.2,2270.652,1280x720,582.538,830.185,1180.472,1388.696,1991.769,2292.154,1280x720,540.868,991.714,1218.231,1588.324,2087.647,2810.842,1280x720,656.806,1068.208,1304.425,1636.104,2420.222,3224.218,1280x720,110.647,146.924,188.046,243.341,288.833,378.72,1280x720,189.292,252.628,300.4,399.677,526.512,842.951,1280x720,250.389,336.748,428.631,577.86,493.513,1274.191,1280x720,318.359,378.85,549.584,751.317,1014.103,826.006,1280x720,405.02,493.441,790.959,1065.672,1372.311,1888.054,1280x720,467.964,581.255,824.742,1185.881,1523.36,1982.221,1280x720,505.945,680.935,1009.814,1349.349,1743.365,1568.505,1280x720,571.798,638.016,1074.474,1506.55,1926.1,2544.226,1280x720,620.278,830.283,1129.86,1413.994,2025.128,2905.78,1280x720,676.341,1007.801,1125.164,1731.754,2210.825,3142.603
1280x800,109.149,147.852,189.283,245.082,291.551,354.861,,1280x800,184.545,256.952,347.325,470.221,511.525,822.758,1280x800,252.811,336.581,392.174,420.77,795.418,1143.454,1280x800,335.343,425.256,596.067,822.151,1000.836,1383.354,1280x800,384.458,539.128,655.214,987.276,1446.757,1777.867,1280x800,421.34,666.33,1126.916,1144.125,1465.773,2094.747,1280x800,486.734,707.611,1030.535,1271.461,1789.275,2345.341,1280x800,563.014,806.037,1122.074,1432.033,1983.794,2699.046,1280x800,700.495,846.735,1317.089,1681.905,2258.229,2696.75,1280x800,715.313,1068.949,1355.474,1912.457,1840.132,3609.236,1280x800,112.354,149.172,191.269,250.851,290.648,398.555,1280x800,187.189,245.646,332.703,405.997,558.794,940.834,1280x800,265.489,325.296,439.491,582.546,780.98,1187.334,1280x800,337.397,409.555,543.761,766.084,1051.089,1454.486,1280x800,410.758,593.785,817.887,1026.704,1431.051,1870.656,1280x800,441.256,522.703,791.016,1092.018,1596.743,1994.927,1280x800,573.083,746.203,966.203,1312.38,1558.11,2092.01,1280x800,572.406,854.741,1115.084,1524.673,2066.379,2694.451,1280x800,619.511,787.028,1316.853,1543.585,2216.176,2965.748,1280x800,753.168,1025.022,1213.168,1724.997,2404.263,3562.138,1280x800,109.69,146.749,193.854,254.428,291.669,412.395,1280x800,194.398,267.701,337.677,375.915,583.057,836.374,1280x800,265.039,336.618,403.463,572.64,857.952,971.047,1280x800,347.651,367.77,555.837,830.4,1163.001,1264.521,1280x800,409.24,468.463,430.774,961.163,1404.583,1851.007,1280x800,503.023,573.928,876.583,1188.271,1605.315,1539.114,1280x800,501.303,785.802,1015.467,1106.838,1854.378,2450.308,1280x800,665.429,792.574,975.625,1619.379,1930.359,2719.332,1280x800,700.738,692.526,1311.491,1199.429,2168.139,3072.658,1280x800,709.956,868.106,1382.194,1764.845,1960.413,3542.515,1280x800,110.088,148.226,193.991,245.062,305.727,444.653,1280x800,195.397,248.249,329.178,394.79,545.793,749.723,1280x800,276.469,306.532,405.519,483.875,823.737,1111.336,1280x800,322.966,385.992,494.643,829.625,1071.476,1513.762,1280x800,375.138,618.333,652.702,1008.645,1452.643,1933.946,1280x800,369.77,649.789,821.772,1227.605,1650.117,2151.669,1280x800,526.248,717.266,893.836,1444.738,1563.472,2323.361,1280x800,594.434,792.998,995.204,1673.866,1944.563,2727.281,1280x800,672.896,887.46,1220.854,1601.407,2120.69,3110.249,1280x800,735.251,1077.298,1439.262,1605.622,2127.759,3580.51,1280x800,110.461,147.477,193.118,247.834,292.182,360.345,1280x800,192.808,264.935,319.477,472.911,636.287,501.097,1280x800,265.716,332.185,427.762,568.855,560.866,1116.031,1280x800,333.253,411.966,488.487,827.696,1098.517,1537.303,1280x800,360.067,551.589,675.132,1150.474,1387.682,1778.258,1280x800,480.076,613.946,619.961,1049.902,1698.787,1647.071,1280x800,545.124,740.948,928.227,1378.689,1796.158,2126.014,1280x800,601.943,970.225,1242.088,1567.493,2138.78,2243.181,1280x800,659.166,1028.793,1321.841,1645.98,2324.895,2906.248,1280x800,747.196,1075.623,1095.986,1281.933,2167.954,3418.748
1280x960,112.363,148.541,199.535,285.123,326.123,365.758,,1280x960,189.401,261.375,345.859,401.23,535.134,908.388,1280x960,299.129,351.481,443.633,649.403,916.657,996.383,1280x960,364.24,458.09,735.207,651.486,1165.172,1398.173,1280x960,391.262,564.282,788.25,1229.833,1521.552,1735.378,1280x960,439.41,655.059,895.069,1246.435,1566.988,2258.878,1280x960,577.449,829.134,819.826,1393.477,1886.948,2729.132,1280x960,677.601,844.225,1277.329,1684.681,2131.82,2965.217,1280x960,721.544,956.289,1395.775,1694.52,2489.032,3333.454,1280x960,829.363,1030.438,1352.253,2057.615,2794.768,4194.378,1280x960,111.655,151.667,205.564,266.329,343.641,457.702,1280x960,201.35,278.228,386.007,509.528,617.656,880.298,1280x960,299.616,369.013,459.21,594.182,700.165,630.833,1280x960,357.783,466.481,579.128,862.146,1017.892,1243.146,1280x960,423.003,595.085,782.69,1115.984,1367.421,1661.367,1280x960,431.754,678.554,1124.899,1343.295,1739.814,2199.385,1280x960,549.084,859.185,1036.652,1245.464,1905.303,2126.031,1280x960,664.826,874.98,1118.57,1615.463,1944.339,2844.46,1280x960,606.011,1012.248,1440.887,1742.259,2078.672,3458.31,1280x960,757.999,1128.841,1234.505,1960.78,2567.189,4011.158,1280x960,114.014,152.941,190.611,273.276,330.321,379.656,1280x960,197.73,273.017,354.976,427.613,525.806,846.703,1280x960,295.347,343.779,476.812,508.047,485.367,1024.758,1280x960,379.985,447.959,495.166,917.255,1248.062,1642.904,1280x960,394.086,567.639,860.86,841.724,712.048,1858.326,1280x960,422.563,778.538,721.475,974.796,1764.751,2188.593,1280x960,544.527,784.886,1033.603,1446.406,1496.672,2712.918,1280x960,646.131,921.45,1322.58,1531.045,2129.362,2893.983,1280x960,767.418,1055.349,1350.12,1133.311,2331.045,3512.092,1280x960,853.599,1156.028,1549.455,1885.152,2326.901,3966.795,1280x960,111.522,149.519,199.791,264.399,315.703,369.392,1280x960,200.126,277.621,358.372,382.867,673.2,869.475,1280x960,298.278,389.638,381.029,624.805,661.834,1193.043,1280x960,372.833,430.684,566.315,965.229,1209.276,1536.355,1280x960,404.04,585.757,702.41,989.536,1581.564,1960.021,1280x960,464.084,723.271,1033.271,1312.62,1652.564,2086.992,1280x960,588.693,797.79,1087.306,1478.114,1879.223,2499.613,1280x960,508.863,913.081,1367.418,1570.897,2300.706,2875.557,1280x960,704.312,1059.629,1495.784,1769.324,2319.184,3540.632,1280x960,789.424,800.663,1562.561,2106.83,2653.854,4131.346,1280x960,111.447,151.802,210.417,273.648,328.097,372.799,1280x960,194.19,258.561,379.36,466.83,621.799,715.543,1280x960,291.407,362.539,475.566,596.772,751.741,1237.249,1280x960,382.116,481.481,599.106,867.291,1242.908,1494.199,1280x960,449.213,636.213,821.203,1015.965,1481.227,1828.136,1280x960,416.408,568.74,939.942,1274.909,1749.846,2257.775,1280x960,560.07,808.165,1053.471,1522.817,1928.707,2694.489,1280x960,834.583,847.992,1227.814,1671.941,1691.714,3092.24,1280x960,774.523,990.983,1428.318,1726.23,2265.908,3415.302,1280x960,790.24,494.433,1499.898,1926.21,2575.171,3924.468
1440x900,113.061,151.131,217.296,285.824,338.581,375.0,,1440x900,221.201,279.785,338.6,426.04,658.291,656.061,1440x900,299.014,356.607,481.502,610.465,860.077,1172.848,1440x900,372.314,457.608,646.599,964.888,1267.278,1613.074,1440x900,407.765,557.962,842.878,1138.335,1547.111,1429.987,1440x900,462.942,872.239,974.318,1190.662,1220.586,2184.363,1440x900,602.249,744.465,970.662,1396.821,2087.002,2622.621,1440x900,633.689,933.793,1348.566,1695.93,1853.546,3126.441,1440x900,808.412,1062.642,1235.327,1866.279,2512.059,3695.161,1440x900,810.589,1133.545,1506.793,2033.928,2685.524,4228.751,1440x900,112.057,150.243,226.727,272.302,353.338,370.276,1440x900,229.675,278.581,374.096,433.775,514.717,886.281,1440x900,267.764,397.262,359.059,514.437,943.739,1055.683,1440x900,351.692,501.115,661.306,955.965,1226.265,1716.245,1440x900,396.113,535.766,906.039,977.42,1487.916,2064.028,1440x900,522.867,669.695,978.726,1385.486,1776.054,2101.306,1440x900,573.984,827.956,793.713,1579.056,2014.041,2635.848,1440x900,779.654,985.596,1336.372,1593.135,2199.618,2615.234,1440x900,775.746,1029.199,1397.941,1834.27,2114.577,3571.45,1440x900,730.157,1215.87,1528.515,1765.907,2687.207,4288.516,1440x900,112.206,151.94,220.469,272.767,334.039,420.241,1440x900,226.233,275.154,336.365,384.246,477.694,869.524,1440x900,299.782,377.973,455.185,664.054,866.809,1254.605,1440x900,359.081,456.917,628.879,805.385,1204.826,1565.127,1440x900,395.985,586.669,831.229,1057.805,1501.315,1339.419,1440x900,573.755,723.868,967.035,1365.595,1642.317,2297.254,1440x900,524.349,789.885,1056.561,1319.337,1991.252,2353.468,1440x900,715.643,834.699,1245.616,1856.892,2109.232,3252.82,1440x900,824.589,902.25,1413.14,1862.324,1953.507,3441.524,1440x900,957.561,1225.757,992.056,2046.561,2728.165,4159.107,1440x900,113.141,151.637,225.426,259.149,341.897,395.81,1440x900,228.652,281.363,356.293,351.083,468.971,862.27,1440x900,312.795,358.878,475.618,572.507,976.954,1239.114,1440x900,374.152,476.892,512.015,637.277,1304.286,1725.8,1440x900,410.373,458.836,936.612,974.571,1554.018,1912.617,1440x900,521.506,592.167,757.87,1142.899,1778.519,2308.388,1440x900,611.737,747.91,1145.363,910.975,1944.447,2701.557,1440x900,614.954,786.357,1315.253,1705.707,2023.746,3260.987,1440x900,743.738,1086.089,1112.72,1672.124,2400.813,3377.835,1440x900,774.678,1097.265,1524.093,2029.109,2699.13,4223.844,1440x900,112.922,149.858,224.232,299.625,314.388,384.147,1440x900,229.395,283.671,325.445,459.827,429.457,983.791,1440x900,290.762,349.94,505.229,686.884,906.429,1340.685,1440x900,355.061,449.263,688.947,878.13,1247.274,1718.386,1440x900,466.302,512.296,790.191,998.95,1571.95,1853.376,1440x900,518.719,657.337,956.181,1283.693,1758.188,2404.694,1440x900,571.184,904.539,1183.748,1550.188,2054.894,2748.744,1440x900,779.515,905.829,1292.295,1804.037,2235.161,3167.893,1440x900,782.588,1043.875,1542.804,1831.168,2459.194,3649.557,1440x900,891.882,869.595,1375.361,1955.719,2623.94,4008.658
1440x1080,143.938,152.578,229.968,290.133,323.79,371.086,,1440x1080,226.092,287.564,380.483,462.133,687.724,946.422,1440x1080,309.185,371.279,529.154,471.92,1015.822,1356.52,1440x1080,396.249,513.82,651.919,864.782,1091.169,1843.713,1440x1080,461.138,694.041,871.639,733.169,1708.138,2151.888,1440x1080,658.473,477.521,1035.964,1424.468,1920.724,2253.168,1440x1080,681.579,805.713,1212.217,1709.267,2066.466,2932.995,1440x1080,740.479,994.722,1409.98,1881.898,1511.65,3433.884,1440x1080,902.585,980.099,1527.485,2083.484,2576.955,4054.983,1440x1080,929.716,1272.042,1232.622,2117.102,2731.875,5048.896,1440x1080,144.88,150.109,232.765,291.062,316.437,465.897,1440x1080,227.854,303.696,335.159,533.719,694.744,1051.802,1440x1080,314.421,434.258,519.726,485.496,1019.552,1297.815,1440x1080,397.319,443.475,677.334,1042.212,1399.498,1820.818,1440x1080,444.762,617.644,858.202,1257.845,1303.33,1609.914,1440x1080,505.064,704.852,1091.719,1536.074,1827.636,2000.76,1440x1080,711.3,914.338,1189.271,1571.294,2014.94,2701.464,1440x1080,742.811,962.753,1286.093,1749.484,2424.619,3027.033,1440x1080,571.34,1194.791,975.511,1939.813,2707.529,4313.765,1440x1080,889.527,1253.622,1630.281,2003.011,3106.798,5204.891,1440x1080,146.15,154.801,230.888,302.782,324.256,392.835,1440x1080,225.577,305.516,380.921,479.925,661.605,958.302,1440x1080,303.041,365.646,574.286,749.121,1083.166,985.178,1440x1080,414.61,495.104,687.489,975.779,1284.75,1172.09,1440x1080,474.621,654.101,930.459,1073.277,1679.012,2251.164,1440x1080,419.201,771.125,1184.603,1571.67,1503.254,2510.39,1440x1080,629.401,592.259,1027.117,1598.258,2273.103,2899.357,1440x1080,674.145,1020.023,1389.059,1676.752,2470.938,3382.027,1440x1080,591.516,1187.183,1397.325,1995.599,2554.327,3703.594,1440x1080,809.112,1227.774,1761.248,1680.693,3007.845,5274.951,1440x1080,143.366,153.886,229.613,297.22,365.82,393.596,1440x1080,232.882,298.584,375.75,442.502,390.119,928.83,1440x1080,327.034,366.036,398.135,573.246,1111.051,1505.481,1440x1080,380.869,478.272,623.803,931.505,1346.762,1782.114,1440x1080,407.317,647.143,874.836,580.198,1643.963,1866.102,1440x1080,579.124,757.062,1190.338,1566.92,1852.039,2095.505,1440x1080,662.559,830.176,1116.932,1636.555,2151.728,2989.021,1440x1080,640.956,1017.18,1608.824,1897.062,2326.307,3339.136,1440x1080,789.134,1080.133,1601.26,2031.328,2710.757,4119.618,1440x1080,904.554,1229.75,1642.585,2046.558,2829.709,5097.243,1440x1080,143.916,154.534,232.191,314.109,320.332,430.744,1440x1080,232.2,288.814,347.649,493.753,740.939,818.176,1440x1080,319.59,400.161,530.969,740.35,743.744,1114.351,1440x1080,379.585,478.606,795.627,876.135,1262.295,1400.068,1440x1080,490.04,567.967,983.587,1192.151,1560.962,1492.314,1440x1080,627.255,782.096,1081.798,1456.628,1002.858,2522.994,1440x1080,622.275,901.604,1154.668,1607.574,2189.126,3012.881,1440x1080,820.531,999.193,1383.383,1815.47,2443.346,3573.971,1440x1080,861.149,1083.599,1461.73,1955.302,2564.849,3964.832,1440x1080,848.782,1190.821,1666.133,1926.618,2955.247,4895.588
1920x1080,142.071,187.016,242.155,317.286,399.374,483.685,,1920x1080,251.714,340.37,396.996,675.291,663.918,1032.762,1920x1080,348.909,416.727,638.462,879.948,567.874,1696.305,1920x1080,416.037,594.331,821.172,1152.691,1564.171,1913.035,1920x1080,491.609,708.049,1076.995,1288.952,1791.364,2511.642,1920x1080,685.466,965.584,1202.355,1370.818,1964.189,2716.175,1920x1080,756.492,1050.106,1369.648,1804.579,2428.972,3307.724,1920x1080,767.78,1103.32,1533.273,2044.562,2781.311,4402.15,1920x1080,973.422,1308.727,1221.958,2145.354,3288.226,4790.507,1920x1080,1043.394,1352.932,1849.799,2417.269,3287.111,6898.031,1920x1080,151.667,188.532,247.141,323.708,339.579,464.868,1920x1080,254.784,315.871,434.2,496.956,872.987,923.778,1920x1080,335.071,427.524,648.584,830.428,1113.458,1721.142,1920x1080,423.286,578.312,870.344,1220.518,1630.401,1917.014,1920x1080,521.67,491.643,973.733,1250.072,1799.216,2431.333,1920x1080,572.197,923.088,1175.629,1419.502,2179.634,2797.749,1920x1080,858.607,951.074,1528.129,1729.129,2541.941,3018.181,1920x1080,854.254,799.887,1559.82,1497.83,2717.07,4270.898,1920x1080,955.935,1205.824,1765.626,2347.699,3145.715,5360.402,1920x1080,657.388,1191.374,1620.797,2408.184,3416.107,6852.269,1920x1080,145.57,188.936,241.048,287.315,352.766,516.164,1920x1080,258.104,308.685,367.963,581.1,718.837,982.139,1920x1080,348.252,467.242,569.753,770.35,1223.941,1574.516,1920x1080,436.111,573.571,943.496,819.874,1311.53,2152.938,1920x1080,452.434,672.688,1005.772,1375.129,1682.945,2523.189,1920x1080,570.396,842.396,1151.776,1607.645,2306.676,2970.981,1920x1080,719.555,1014.053,1311.193,2009.243,2237.685,3571.902,1920x1080,939.864,1068.075,1432.312,1906.928,2784.696,4124.646,1920x1080,945.036,1282.191,1624.024,2266.309,3271.534,5502.703,1920x1080,970.198,1342.105,1866.199,1902.66,3427.073,6747.734,1920x1080,148.131,190.103,254.317,308.529,347.965,474.241,1920x1080,240.621,335.352,411.656,599.121,728.203,1091.863,1920x1080,345.872,460.522,582.675,910.686,1195.636,1555.611,1920x1080,430.87,447.245,787.714,1161.208,1510.526,2170.212,1920x1080,452.402,787.979,892.697,1413.583,1796.414,1681.11,1920x1080,534.962,839.384,1215.679,1286.467,2098.972,2871.487,1920x1080,642.18,788.028,1306.655,1607.377,2416.388,3071.131,1920x1080,872.382,1154.208,1185.143,1878.287,2870.845,4488.061,1920x1080,893.715,1197.768,1606.203,2266.591,3146.492,5343.333,1920x1080,1088.45,1313.293,1877.927,2361.171,3527.499,6839.534,1920x1080,145.766,187.172,251.636,318.397,376.961,484.289,1920x1080,265.155,314.79,397.616,535.067,838.351,1169.855,1920x1080,330.624,436.802,449.058,480.812,1333.515,1396.898,1920x1080,420.197,597.446,929.605,1116.459,1314.805,2038.488,1920x1080,481.77,611.686,1110.477,1434.295,1715.832,2635.023,1920x1080,653.532,627.885,1194.224,1528.224,2103.575,2477.069,1920x1080,772.355,1023.796,1407.54,1877.834,1952.592,3493.819,1920x1080,858.952,1093.931,1452.342,2052.228,2615.697,4318.759,1920x1080,917.816,1333.697,1531.334,1307.807,3111.092,5346.506,1920x1080,1100.997,1333.145,1696.279,2268.315,3507.153,6492.222
